a,b,sigma,n_paths,n_steps,x_span,mean_abs_X,rms_X,p95_abs_X,p99_abs_X,median_abs_X,frac_abs_gt_1e-06,frac_abs_gt_1e-05,frac_abs_gt_1e-04,frac_abs_gt_1e-03
1.0,1e-06,1e-08,20000,8000,1.0,7.98103642797451e-09,9.991780515251519e-09,1.953608836832485e-08,2.54118891999099e-08,6.720627578238994e-09,0.0,0.0,0.0,0.0
1.0,1e-06,2.848035868435799e-08,20000,8000,1.0,2.2926435020072642e-08,2.8745384220834288e-08,5.683780336897165e-08,7.327718133092435e-08,1.9310818444672715e-08,0.0,0.0,0.0,0.0
1.0,1e-06,8.111308307896873e-08,20000,8000,1.0,6.501580350961141e-08,8.158385753538891e-08,1.5931225687127725e-07,2.0923501993507572e-07,5.5202647075397206e-08,0.0,0.0,0.0,0.0
1.0,1e-06,2.310129700083158e-07,20000,8000,1.0,1.8422587222353907e-07,2.306535231809984e-07,4.487097587588145e-07,5.985923458193729e-07,1.5638932238971792e-07,0.0,0.0,0.0,0.0
1.0,1e-06,6.579332246575682e-07,20000,8000,1.0,5.265614118780251e-07,6.589629611416637e-07,1.2905684505968892e-06,1.692766494428463e-06,4.4644205081243715e-07,0.12845,0.0,0.0,0.0
1.0,1e-06,1.873817422860383e-06,20000,8000,1.0,1.4934896186472715e-06,1.8766848575662468e-06,3.695934516869169e-06,4.9167921740972596e-06,1.2515017853025619e-06,0.5923,0.0,0.0,0.0
1.0,1e-06,5.336699231206302e-06,20000,8000,1.0,4.279304376592575e-06,5.359479996990823e-06,1.0487223886154822e-05,1.3763566949966409e-05,3.6038017875072524e-06,0.85285,0.0619,0.0,0.0
1.0,1e-06,1.5199110829529332e-05,20000,8000,1.0,1.2178705782891194e-05,1.526935857812757e-05,2.996501440908001e-05,3.9076854331676526e-05,1.0241706624844139e-05,0.9469,0.5108,0.0,0.0
1.0,1e-06,4.328761281083062e-05,20000,8000,1.0,3.482784748526825e-05,4.36483064750967e-05,8.522503729855412e-05,0.00011273561185610014,2.9418926724887735e-05,0.9805,0.81655,0.0229,0.0
1.0,1e-06,0.0001232846739442066,20000,8000,1.0,9.805650035501084e-05,0.0001225090156446728,0.00023946444592610078,0.0003148009254028819,8.324423143809206e-05,0.9942,0.93555,0.41565,0.0
1.0,1e-06,0.0003511191734215127,20000,8000,1.0,0.00027840527849104393,0.0003499437188887863,0.0006837458414553125,0.000907196592663647,0.00023450261030003505,0.99815,0.97695,0.7736,0.0049
1.0,1e-06,0.001,20000,8000,1.0,0.0007891908701692516,0.0009902093370379597,0.0019455134408248192,0.002526422294436299,0.0006658676323937807,0.99905,0.9919,0.91795,0.3136
1.0,2.848035868435799e-06,1e-08,20000,8000,1.0,8.022197784410842e-09,1.000632410709658e-08,1.9454231730361184e-08,2.5787616526208845e-08,6.913449817782947e-09,0.0,0.0,0.0,0.0
1.0,2.848035868435799e-06,2.848035868435799e-08,20000,8000,1.0,2.2749531321727516e-08,2.847853559077163e-08,5.5737332608604255e-08,7.388235588013427e-08,1.9314680024077003e-08,0.0,0.0,0.0,0.0
1.0,2.848035868435799e-06,8.111308307896873e-08,20000,8000,1.0,6.476118238492562e-08,8.107141381396916e-08,1.5872586456500096e-07,2.0900059519443196e-07,5.4483580087886595e-08,0.0,0.0,0.0,0.0
1.0,2.848035868435799e-06,2.310129700083158e-07,20000,8000,1.0,1.825298434939637e-07,2.2949728281833642e-07,4.498542373175117e-07,5.987279838387051e-07,1.5243595469246513e-07,0.0,0.0,0.0,0.0
1.0,2.848035868435799e-06,6.579332246575682e-07,20000,8000,1.0,5.241460912824991e-07,6.571654242988317e-07,1.2859497212797943e-06,1.7045795795370897e-06,4.4243933702290013e-07,0.1281,0.0,0.0,0.0
1.0,2.848035868435799e-06,1.873817422860383e-06,20000,8000,1.0,1.510491195098831e-06,1.8920815300866027e-06,3.692279795683301e-06,4.887192850436359e-06,1.2707779772656243e-06,0.5988,0.0,0.0,0.0
1.0,2.848035868435799e-06,5.336699231206302e-06,20000,8000,1.0,4.243569969007271e-06,5.329281391936489e-06,1.0491384758466444e-05,1.3778210843879549e-05,3.5855309248557665e-06,0.8486,0.062,0.0,0.0
1.0,2.848035868435799e-06,1.5199110829529332e-05,20000,8000,1.0,1.2130234011086939e-05,1.5221662167644512e-05,2.9889803804706485e-05,3.962061469777146e-05,1.0281008433157764e-05,0.94775,0.5106,0.0,0.0
1.0,2.848035868435799e-06,4.328761281083062e-05,20000,8000,1.0,3.438640134857451e-05,4.307382806678633e-05,8.436031587066282e-05,0.00011100440559000427,2.9113047131912736e-05,0.98145,0.8157,0.021,0.0
1.0,2.848035868435799e-06,0.0001232846739442066,20000,8000,1.0,9.876916038106283e-05,0.00012416820378928842,0.00024313367702302467,0.00031985221071850826,8.261182499160712e-05,0.9933,0.9367,0.4168,0.0
1.0,2.848035868435799e-06,0.0003511191734215127,20000,8000,1.0,0.00028065413005330306,0.00035125256693862433,0.0006871886341354402,0.0009019482937339255,0.0002376133416396414,0.9981,0.9774,0.77705,0.00405
1.0,2.848035868435799e-06,0.001,20000,8000,1.0,0.0007937671322943629,0.0009969179956124538,0.001959537723659341,0.0025671243049074123,0.0006722725311142675,0.9997,0.99205,0.91645,0.3144
1.0,8.111308307896873e-06,1e-08,20000,8000,1.0,7.990906454058435e-09,1.0007669927552225e-08,1.9623852386070672e-08,2.5617085283301655e-08,6.729148804686635e-09,0.0,0.0,0.0,0.0
1.0,8.111308307896873e-06,2.848035868435799e-08,20000,8000,1.0,2.2873213603205127e-08,2.867732649194931e-08,5.592997997674998e-08,7.417986830272897e-08,1.92624949903285e-08,0.0,0.0,0.0,0.0
1.0,8.111308307896873e-06,8.111308307896873e-08,20000,8000,1.0,6.409131293369149e-08,8.048065079580936e-08,1.582860346784403e-07,2.0863710653057101e-07,5.4019587899728323e-08,0.0,0.0,0.0,0.0
1.0,8.111308307896873e-06,2.310129700083158e-07,20000,8000,1.0,1.8477721305071352e-07,2.3116856705130313e-07,4.5231202080599645e-07,5.925463022212564e-07,1.573576814882962e-07,0.0,0.0,0.0,0.0
1.0,8.111308307896873e-06,6.579332246575682e-07,20000,8000,1.0,5.251229939349625e-07,6.580899896739204e-07,1.2905266723435967e-06,1.6905136322316915e-06,4.447382750626744e-07,0.1298,0.0,0.0,0.0
1.0,8.111308307896873e-06,1.873817422860383e-06,20000,8000,1.0,1.5048134038146223e-06,1.8863045873841384e-06,3.6929941338696896e-06,4.7921327915492385e-06,1.2738309393483767e-06,0.59665,0.0,0.0,0.0
1.0,8.111308307896873e-06,5.336699231206302e-06,20000,8000,1.0,4.239695891296047e-06,5.3143691111426714e-06,1.0426764934697552e-05,1.3603920884002164e-05,3.57568728970843e-06,0.85195,0.06025,0.0,0.0
1.0,8.111308307896873e-06,1.5199110829529332e-05,20000,8000,1.0,1.2061163565130026e-05,1.5137591029280639e-05,2.9659881424034826e-05,3.945463561666126e-05,1.0103917622410387e-05,0.9483,0.5056,0.0,0.0
1.0,8.111308307896873e-06,4.328761281083062e-05,20000,8000,1.0,3.4763203575951926e-05,4.33819015118644e-05,8.48749577863163e-05,0.00010983621408116535,2.954737423779316e-05,0.98235,0.8231,0.01995,0.0
1.0,8.111308307896873e-06,0.0001232846739442066,20000,8000,1.0,9.847485212740167e-05,0.00012336648921096197,0.0002419523005057419,0.0003179281389339524,8.265999144309717e-05,0.9927,0.9355,0.41815,0.0
1.0,8.111308307896873e-06,0.0003511191734215127,20000,8000,1.0,0.000280583537237321,0.00035162016975863507,0.0006901307090379192,0.00090352858514292,0.00023823366681379938,0.9981,0.97895,0.77385,0.0043
1.0,8.111308307896873e-06,0.001,20000,8000,1.0,0.0007896793025528973,0.0009902936526964864,0.0019339027585447098,0.002559327975165607,0.0006657530285449836,0.99925,0.9915,0.9219,0.3136
1.0,2.310129700083158e-05,1e-08,20000,8000,1.0,7.999465333748912e-09,9.980995759622516e-09,1.9606231602181326e-08,2.5402202421192926e-08,6.776763119786642e-09,0.0,0.0,0.0,0.0
1.0,2.310129700083158e-05,2.848035868435799e-08,20000,8000,1.0,2.274568025484105e-08,2.8570330670653546e-08,5.575009957420648e-08,7.422354593801055e-08,1.9199613279587906e-08,0.0,0.0,0.0,0.0
1.0,2.310129700083158e-05,8.111308307896873e-08,20000,8000,1.0,6.447074286934446e-08,8.069560784724123e-08,1.5817289125483235e-07,2.0869750079039783e-07,5.445333065990416e-08,0.0,0.0,0.0,0.0
1.0,2.310129700083158e-05,2.310129700083158e-07,20000,8000,1.0,1.851342143017195e-07,2.318030005297254e-07,4.5326235800930185e-07,5.994585456644065e-07,1.5730506238654185e-07,0.0,0.0,0.0,0.0
1.0,2.310129700083158e-05,6.579332246575682e-07,20000,8000,1.0,5.22382648013061e-07,6.546611712764672e-07,1.283779955923925e-06,1.670314698801721e-06,4.3915136092399745e-07,0.1267,0.0,0.0,0.0
1.0,2.310129700083158e-05,1.873817422860383e-06,20000,8000,1.0,1.5139453103554481e-06,1.8940510637187386e-06,3.7201192907865163e-06,4.902755805737415e-06,1.2916400275978726e-06,0.6045,0.0,0.0,0.0
1.0,2.310129700083158e-05,5.336699231206302e-06,20000,8000,1.0,4.242752074468674e-06,5.319808194465343e-06,1.0377022610194638e-05,1.3762795390074567e-05,3.593908511229616e-06,0.8475,0.0588,0.0,0.0
1.0,2.310129700083158e-05,1.5199110829529332e-05,20000,8000,1.0,1.208833765016272e-05,1.5156665035122297e-05,2.9723576655118384e-05,3.907032491534586e-05,1.0252861008002335e-05,0.9469,0.51,0.0,0.0
1.0,2.310129700083158e-05,4.328761281083062e-05,20000,8000,1.0,3.4597584945896585e-05,4.336488700785484e-05,8.543821029375144e-05,0.00011130219920256704,2.9152374513563145e-05,0.982,0.8177,0.02115,0.0
1.0,2.310129700083158e-05,0.0001232846739442066,20000,8000,1.0,9.872362473304345e-05,0.0001236251438322215,0.00024249569282664752,0.0003133640325335524,8.287293563625947e-05,0.99365,0.9347,0.4189,0.0
1.0,2.310129700083158e-05,0.0003511191734215127,20000,8000,1.0,0.0002781123823318813,0.0003487422857289445,0.0006830612083025612,0.0009037093151874671,0.0002345399411612537,0.99825,0.97825,0.77525,0.00475
1.0,2.310129700083158e-05,0.001,20000,8000,1.0,0.0008002180150988137,0.0010000876636216867,0.0019395816880745668,0.002567550152390183,0.0006775488103374882,0.99915,0.99235,0.92245,0.3185
1.0,6.579332246575683e-05,1e-08,20000,8000,1.0,8.055568417123844e-09,1.0086255564860473e-08,1.971812049935832e-08,2.5615497251339912e-08,6.771453419736823e-09,0.0,0.0,0.0,0.0
1.0,6.579332246575683e-05,2.848035868435799e-08,20000,8000,1.0,2.2828720960109214e-08,2.8656641439310787e-08,5.64554992902661e-08,7.389875501867392e-08,1.910452399249143e-08,0.0,0.0,0.0,0.0
1.0,6.579332246575683e-05,8.111308307896873e-08,20000,8000,1.0,6.475759604472407e-08,8.112282671628066e-08,1.5921090471017527e-07,2.0831052525177098e-07,5.462782702536764e-08,0.0,0.0,0.0,0.0
1.0,6.579332246575683e-05,2.310129700083158e-07,20000,8000,1.0,1.8362275706773441e-07,2.3037994578831696e-07,4.522271291835008e-07,5.945885153821215e-07,1.5434416677533859e-07,0.0,0.0,0.0,0.0
1.0,6.579332246575683e-05,6.579332246575682e-07,20000,8000,1.0,5.295600607463081e-07,6.621477612960939e-07,1.2945329246426874e-06,1.6894299667118125e-06,4.5081727478263416e-07,0.1313,0.0,0.0,0.0
1.0,6.579332246575683e-05,1.873817422860383e-06,20000,8000,1.0,1.509054166023012e-06,1.889551591328772e-06,3.706460404868207e-06,4.8762650164823424e-06,1.2784733381256723e-06,0.6007,0.0,0.0,0.0
1.0,6.579332246575683e-05,5.336699231206302e-06,20000,8000,1.0,4.271444599369346e-06,5.351778220151415e-06,1.0421453992604322e-05,1.3841456921806531e-05,3.6216333021769232e-06,0.84945,0.06045,0.0,0.0
1.0,6.579332246575683e-05,1.5199110829529332e-05,20000,8000,1.0,1.2183571683111403e-05,1.5272899624762728e-05,2.985388383108906e-05,4.029752731998074e-05,1.0201567428230724e-05,0.94855,0.5088,0.0,0.0
1.0,6.579332246575683e-05,4.328761281083062e-05,20000,8000,1.0,3.4452039811867515e-05,4.322429825196496e-05,8.45759829337848e-05,0.00011189534825533566,2.9165607715076737e-05,0.97835,0.8163,0.0212,0.0
1.0,6.579332246575683e-05,0.0001232846739442066,20000,8000,1.0,9.799267880936926e-05,0.0001228861593256217,0.00023951480354320105,0.00031969898119912573,8.344040946880739e-05,0.99345,0.93435,0.4177,0.0
1.0,6.579332246575683e-05,0.0003511191734215127,20000,8000,1.0,0.0002814883697967588,0.0003540770312485263,0.000695319044104912,0.0009188079732960944,0.00023519853306679095,0.99705,0.9766,0.77555,0.00465
1.0,6.579332246575683e-05,0.001,20000,8000,1.0,0.0007979349520816869,0.0010000712616747385,0.0019547378917447876,0.002591450620043217,0.000676634221238554,0.99925,0.99205,0.91905,0.31675
1.0,0.0001873817422860383,1e-08,20000,8000,1.0,7.968531049103275e-09,9.98259242979941e-09,1.9507080013217108e-08,2.5850173897973425e-08,6.7667879107077965e-09,0.0,0.0,0.0,0.0
1.0,0.0001873817422860383,2.848035868435799e-08,20000,8000,1.0,2.280155618895009e-08,2.8559072373846833e-08,5.60122647498583e-08,7.326801011616251e-08,1.9299662712983497e-08,0.0,0.0,0.0,0.0
1.0,0.0001873817422860383,8.111308307896873e-08,20000,8000,1.0,6.428471672259707e-08,8.035721153613467e-08,1.5658678657472757e-07,2.0787971402951373e-07,5.4748930893516455e-08,0.0,0.0,0.0,0.0
1.0,0.0001873817422860383,2.310129700083158e-07,20000,8000,1.0,1.849827925434885e-07,2.3164122441685524e-07,4.534138877325236e-07,5.95077913945548e-07,1.5701632383497825e-07,0.0,0.0,0.0,0.0
1.0,0.0001873817422860383,6.579332246575682e-07,20000,8000,1.0,5.184078498602812e-07,6.504757824712669e-07,1.2759597595994537e-06,1.6773579570597968e-06,4.3813242542515726e-07,0.12515,0.0,0.0,0.0
1.0,0.0001873817422860383,1.873817422860383e-06,20000,8000,1.0,1.4937689795290672e-06,1.8678367723556557e-06,3.6665508541411466e-06,4.762767494874116e-06,1.2677477947311947e-06,0.5952,0.0,0.0,0.0
1.0,0.0001873817422860383,5.336699231206302e-06,20000,8000,1.0,4.224824715995019e-06,5.313213682910398e-06,1.042279796747033e-05,1.3787046862103069e-05,3.5685154789977322e-06,0.84875,0.0601,0.0,0.0
1.0,0.0001873817422860383,1.5199110829529332e-05,20000,8000,1.0,1.2179291233496708e-05,1.523773978964957e-05,2.9973381096958782e-05,3.891412296523823e-05,1.0360029945476168e-05,0.94815,0.51495,0.0,0.0
1.0,0.0001873817422860383,4.328761281083062e-05,20000,8000,1.0,3.440844072743011e-05,4.3116930652481e-05,8.374794518476757e-05,0.00011178707648878807,2.9085984639758817e-05,0.9814,0.81245,0.0204,0.0
1.0,0.0001873817422860383,0.0001232846739442066,20000,8000,1.0,9.860062842481674e-05,0.00012348862521232285,0.0002397835906841483,0.00031522729228488944,8.282495174272862e-05,0.99415,0.9384,0.41795,0.0
1.0,0.0001873817422860383,0.0003511191734215127,20000,8000,1.0,0.0002800559372848517,0.0003504723296456249,0.000684740629155493,0.0008873525605116484,0.00024005143849817486,0.9979,0.9754,0.7746,0.00415
1.0,0.0001873817422860383,0.001,20000,8000,1.0,0.0008013888324519561,0.0010045481862704791,0.0019759481523012393,0.0025901055509460315,0.0006742962085008349,0.99955,0.9919,0.9199,0.3192
1.0,0.0005336699231206307,1e-08,20000,8000,1.0,7.98311651180864e-09,9.991540552769632e-09,1.955446955664494e-08,2.5502947248824187e-08,6.7400877060876714e-09,0.0,0.0,0.0,0.0
1.0,0.0005336699231206307,2.848035868435799e-08,20000,8000,1.0,2.2601203067562372e-08,2.8268886851295508e-08,5.551163521731651e-08,7.237479572442566e-08,1.9233620223553875e-08,0.0,0.0,0.0,0.0
1.0,0.0005336699231206307,8.111308307896873e-08,20000,8000,1.0,6.431293359194603e-08,8.053140078673368e-08,1.577586039323181e-07,2.097030758746422e-07,5.42515478171144e-08,0.0,0.0,0.0,0.0
1.0,0.0005336699231206307,2.310129700083158e-07,20000,8000,1.0,1.8511093921220948e-07,2.3203199018902158e-07,4.543065349915634e-07,5.929359132814364e-07,1.5608948504690712e-07,5e-05,0.0,0.0,0.0
1.0,0.0005336699231206307,6.579332246575682e-07,20000,8000,1.0,5.231438194534239e-07,6.556067813270701e-07,1.2835748208526374e-06,1.687639494309755e-06,4.4294378175415655e-07,0.12755,0.0,0.0,0.0
1.0,0.0005336699231206307,1.873817422860383e-06,20000,8000,1.0,1.4899088932194729e-06,1.8743922261577607e-06,3.675269949901104e-06,4.910644349700157e-06,1.2497766203204802e-06,0.59075,0.0,0.0,0.0
1.0,0.0005336699231206307,5.336699231206302e-06,20000,8000,1.0,4.246053854800553e-06,5.345254852379742e-06,1.0514569527063745e-05,1.3754653599404316e-05,3.5508399665878556e-06,0.84835,0.0629,0.0,0.0
1.0,0.0005336699231206307,1.5199110829529332e-05,20000,8000,1.0,1.2115554216675484e-05,1.5140359642958622e-05,2.960473903947848e-05,3.820194867615246e-05,1.0231979657213427e-05,0.9482,0.51005,0.0,0.0
1.0,0.0005336699231206307,4.328761281083062e-05,20000,8000,1.0,3.454664660901304e-05,4.334848845205491e-05,8.494560758640662e-05,0.00011316713923474694,2.9033118954528632e-05,0.98115,0.8168,0.0213,0.0
1.0,0.0005336699231206307,0.0001232846739442066,20000,8000,1.0,9.723059946854512e-05,0.00012186428850479182,0.00023970913594686968,0.00031324746530777853,8.198342290183556e-05,0.9925,0.9355,0.40975,0.0
1.0,0.0005336699231206307,0.0003511191734215127,20000,8000,1.0,0.00028069836112684665,0.00035164931439999117,0.0006864586673861558,0.000902152523557523,0.00023803235031399166,0.99835,0.97665,0.7751,0.00455
1.0,0.0005336699231206307,0.001,20000,8000,1.0,0.0007951754587721869,0.000994248140730164,0.0019416866815071905,0.0025576340930771706,0.0006717623306000574,0.99955,0.99155,0.9235,0.31655
1.0,0.0015199110829529332,1e-08,20000,8000,1.0,8.034042282679268e-09,1.007103992995801e-08,1.9664543145186954e-08,2.6196315615784432e-08,6.822072637090116e-09,0.0,0.0,0.0,0.0
1.0,0.0015199110829529332,2.848035868435799e-08,20000,8000,1.0,2.2790433674145737e-08,2.855971743166483e-08,5.580411932590034e-08,7.335488493515734e-08,1.9373623168967027e-08,0.0,0.0,0.0,0.0
1.0,0.0015199110829529332,8.111308307896873e-08,20000,8000,1.0,6.548730157488676e-08,8.169886829288693e-08,1.5948714226084297e-07,2.0719887596402387e-07,5.553274341610082e-08,0.0,0.0,0.0,0.0
1.0,0.0015199110829529332,2.310129700083158e-07,20000,8000,1.0,1.84655900646162e-07,2.3150969133893013e-07,4.5209327929886224e-07,5.872148143611254e-07,1.5542252915756611e-07,0.0,0.0,0.0,0.0
1.0,0.0015199110829529332,6.579332246575682e-07,20000,8000,1.0,5.235069073131285e-07,6.567775107992253e-07,1.2960783614777026e-06,1.6954834877436801e-06,4.4361150422434974e-07,0.1275,0.0,0.0,0.0
1.0,0.0015199110829529332,1.873817422860383e-06,20000,8000,1.0,1.4949029243129421e-06,1.8708901859257378e-06,3.675965822711123e-06,4.76371622008884e-06,1.2709366031947408e-06,0.5935,0.0,0.0,0.0
1.0,0.0015199110829529332,5.336699231206302e-06,20000,8000,1.0,4.293726177170387e-06,5.371558513049777e-06,1.052273886335801e-05,1.3785564375242462e-05,3.6643303758693395e-06,0.85235,0.06185,0.0,0.0
1.0,0.0015199110829529332,1.5199110829529332e-05,20000,8000,1.0,1.2089422964723908e-05,1.51557011212408e-05,2.9674235156566434e-05,3.902976301125529e-05,1.0152098106619595e-05,0.9507,0.50625,0.0,0.0
1.0,0.0015199110829529332,4.328761281083062e-05,20000,8000,1.0,3.451936138828303e-05,4.331422512229895e-05,8.462751876301655e-05,0.00011288212330402551,2.9334699679908315e-05,0.9815,0.81495,0.0213,0.0
1.0,0.0015199110829529332,0.0001232846739442066,20000,8000,1.0,9.848445001382953e-05,0.00012338960874208393,0.0002419693800887465,0.000316192868656527,8.410553703480211e-05,0.9932,0.93405,0.418,0.0
1.0,0.0015199110829529332,0.0003511191734215127,20000,8000,1.0,0.0002773824145500356,0.00034889221344926283,0.0006841429984114611,0.0009111849888885598,0.00023263884714816896,0.9978,0.9752,0.76965,0.00495
1.0,0.0015199110829529332,0.001,20000,8000,1.0,0.0008002365440857658,0.0010020688148892857,0.001963926820205619,0.002570597086187301,0.0006761118671429618,0.99925,0.9926,0.92275,0.3186
1.0,0.004328761281083057,1e-08,20000,8000,1.0,8.020024864791552e-09,1.0064414819436248e-08,1.987115011535418e-08,2.5859713249127513e-08,6.754745609170344e-09,0.0,0.0,0.0,0.0
1.0,0.004328761281083057,2.848035868435799e-08,20000,8000,1.0,2.2751596694361834e-08,2.8571192265432048e-08,5.6160949666600334e-08,7.441524488012034e-08,1.929087277040307e-08,0.0,0.0,0.0,0.0
1.0,0.004328761281083057,8.111308307896873e-08,20000,8000,1.0,6.482584891729373e-08,8.131773391291995e-08,1.5915007359513847e-07,2.0898794447192885e-07,5.482416088285254e-08,0.0,0.0,0.0,0.0
1.0,0.004328761281083057,2.310129700083158e-07,20000,8000,1.0,1.8635438507822653e-07,2.3319285913942383e-07,4.5725729946810826e-07,6.022667212076171e-07,1.5827200247854964e-07,0.0,0.0,0.0,0.0
1.0,0.004328761281083057,6.579332246575682e-07,20000,8000,1.0,5.24944152464083e-07,6.574493758146503e-07,1.2948529516986412e-06,1.685516436654274e-06,4.420285161104579e-07,0.13015,0.0,0.0,0.0
1.0,0.004328761281083057,1.873817422860383e-06,20000,8000,1.0,1.5025277880820637e-06,1.884385814562962e-06,3.7105860532098594e-06,4.839575855618828e-06,1.2682316612879077e-06,0.5957,0.0,0.0,0.0
1.0,0.004328761281083057,5.336699231206302e-06,20000,8000,1.0,4.245391294124249e-06,5.330607805788047e-06,1.0412246778532272e-05,1.3755374241505362e-05,3.596002547632508e-06,0.8474,0.06015,0.0,0.0
1.0,0.004328761281083057,1.5199110829529332e-05,20000,8000,1.0,1.216917407488039e-05,1.5256935833347028e-05,2.978343956017604e-05,3.9420039036674086e-05,1.0241476558784479e-05,0.9479,0.51165,0.0,0.0
1.0,0.004328761281083057,4.328761281083062e-05,20000,8000,1.0,3.4792625391296185e-05,4.362209856589721e-05,8.531293975803899e-05,0.0001127405433094625,2.933072645854167e-05,0.9815,0.81725,0.02245,0.0
1.0,0.004328761281083057,0.0001232846739442066,20000,8000,1.0,9.800799472626749e-05,0.0001233982289572861,0.00024239720736036346,0.00032125124810448324,8.215439180023887e-05,0.9935,0.9338,0.414,0.0
1.0,0.004328761281083057,0.0003511191734215127,20000,8000,1.0,0.0002799241393188277,0.00035158117996498314,0.0006893558458897059,0.0009224056250157129,0.0002348528784736761,0.9975,0.97665,0.77535,0.0051
1.0,0.004328761281083057,0.001,20000,8000,1.0,0.0008045561709613161,0.001010403157623135,0.0019763271983599807,0.0026249262029385424,0.0006779799303762413,0.99955,0.9935,0.91665,0.3219
1.0,0.012328467394420659,1e-08,20000,8000,1.0,8.090886325204633e-09,1.0114694582862758e-08,1.9852195244959464e-08,2.570805249017362e-08,6.8473855975394476e-09,0.0,0.0,0.0,0.0
1.0,0.012328467394420659,2.848035868435799e-08,20000,8000,1.0,2.2866142146084904e-08,2.8661287320716095e-08,5.624298906944473e-08,7.399784007280774e-08,1.9272379331059446e-08,0.0,0.0,0.0,0.0
1.0,0.012328467394420659,8.111308307896873e-08,20000,8000,1.0,6.535273373419118e-08,8.196617774568583e-08,1.6078796022531808e-07,2.100445773564471e-07,5.517873816840521e-08,0.0,0.0,0.0,0.0
1.0,0.012328467394420659,2.310129700083158e-07,20000,8000,1.0,1.8509512369741583e-07,2.3237666971579142e-07,4.555502541065851e-07,6.058106294272077e-07,1.5580143505324917e-07,0.0,0.0,0.0,0.0
1.0,0.012328467394420659,6.579332246575682e-07,20000,8000,1.0,5.281697884742613e-07,6.627782839803358e-07,1.2955579830984963e-06,1.7226443986003839e-06,4.47246055269706e-07,0.1304,0.0,0.0,0.0
1.0,0.012328467394420659,1.873817422860383e-06,20000,8000,1.0,1.5145647517544328e-06,1.8991199685019045e-06,3.72998976753279e-06,4.90683665898446e-06,1.279254545537428e-06,0.6001,0.0,0.0,0.0
1.0,0.012328467394420659,5.336699231206302e-06,20000,8000,1.0,4.288246759871765e-06,5.381455218822883e-06,1.0549643837858368e-05,1.3830445385496445e-05,3.6177119985113006e-06,0.84915,0.06355,0.0,0.0
1.0,0.012328467394420659,1.5199110829529332e-05,20000,8000,1.0,1.2172100397129622e-05,1.52681816408925e-05,2.9618726060186417e-05,3.9692480070400607e-05,1.0301373606966387e-05,0.94985,0.5126,0.0,0.0
1.0,0.012328467394420659,4.328761281083062e-05,20000,8000,1.0,3.4903308320520097e-05,4.3702846532824256e-05,8.574702293937149e-05,0.00011209086110460729,2.9473345498700688e-05,0.98185,0.823,0.0216,0.0
1.0,0.012328467394420659,0.0001232846739442066,20000,8000,1.0,9.868103250195044e-05,0.0001236699656771886,0.00024247063217863762,0.0003215841451910478,8.347253682287217e-05,0.9929,0.9347,0.41555,0.0
1.0,0.012328467394420659,0.0003511191734215127,20000,8000,1.0,0.0002814423435770002,0.0003530654709123612,0.0006916904570766168,0.0009189205070663513,0.0002379303653277839,0.9978,0.9781,0.77535,0.00505
1.0,0.012328467394420659,0.001,20000,8000,1.0,0.000799412838050114,0.0010020048432557102,0.0019530959636425566,0.0026032323180677757,0.0006710049044095329,0.99895,0.9921,0.921,0.3215
1.0,0.03511191734215127,1e-08,20000,8000,1.0,8.109534233129174e-09,1.0178618719162932e-08,2.015816835339699e-08,2.6137327416088365e-08,6.842617061929771e-09,0.0,0.0,0.0,0.0
1.0,0.03511191734215127,2.848035868435799e-08,20000,8000,1.0,2.2988593304598627e-08,2.8701389372248416e-08,5.583868233302004e-08,7.335773885425604e-08,1.9625725347648753e-08,0.0,0.0,0.0,0.0
1.0,0.03511191734215127,8.111308307896873e-08,20000,8000,1.0,6.57673126679492e-08,8.244183156438417e-08,1.6128639528271515e-07,2.1315373763980023e-07,5.5626388743997645e-08,0.0,0.0,0.0,0.0
1.0,0.03511191734215127,2.310129700083158e-07,20000,8000,1.0,1.8929111018724868e-07,2.3735052278344907e-07,4.650453284076091e-07,6.171598295604933e-07,1.6056963745532388e-07,5e-05,0.0,0.0,0.0
1.0,0.03511191734215127,6.579332246575682e-07,20000,8000,1.0,5.315036468894708e-07,6.63919585257515e-07,1.3000365536371936e-06,1.6891687469788236e-06,4.523639090662064e-07,0.1329,0.0,0.0,0.0
1.0,0.03511191734215127,1.873817422860383e-06,20000,8000,1.0,1.5232801956139593e-06,1.912230662270993e-06,3.7224344567420324e-06,4.9661452415572374e-06,1.2859914447949448e-06,0.5991,0.0,0.0,0.0
1.0,0.03511191734215127,5.336699231206302e-06,20000,8000,1.0,4.338605247500259e-06,5.453932258621686e-06,1.0684705841030499e-05,1.4193554614410944e-05,3.6403867405486166e-06,0.8518,0.0666,0.0,0.0
1.0,0.03511191734215127,1.5199110829529332e-05,20000,8000,1.0,1.2393073471548552e-05,1.552540230100252e-05,3.043026743908089e-05,3.997736376042709e-05,1.0534071588606856e-05,0.9488,0.5207,0.0,0.0
1.0,0.03511191734215127,4.328761281083062e-05,20000,8000,1.0,3.496473363891566e-05,4.3815114105734626e-05,8.569419834178411e-05,0.00011398120462007119,2.9557268414092248e-05,0.98125,0.82125,0.0233,0.0
1.0,0.03511191734215127,0.0001232846739442066,20000,8000,1.0,9.944775078402547e-05,0.00012449158067919005,0.00024395155086228941,0.00032400319153043106,8.444627653347506e-05,0.99395,0.9369,0.4201,0.0
1.0,0.03511191734215127,0.0003511191734215127,20000,8000,1.0,0.0002853409200200902,0.0003576084447954508,0.0007015803786082504,0.0009186394673457549,0.0002403694003238155,0.99775,0.97715,0.77765,0.0049
1.0,0.03511191734215127,0.001,20000,8000,1.0,0.0008190721666664725,0.0010280132325488172,0.0020043529835543244,0.0026710936968040886,0.0006908821137953213,0.9993,0.99265,0.92085,0.33205
1.0,0.1,1e-08,20000,8000,1.0,8.429625087350191e-09,1.0559978787010076e-08,2.0639316265905743e-08,2.6964036095779168e-08,7.168615221408551e-09,0.0,0.0,0.0,0.0
1.0,0.1,2.848035868435799e-08,20000,8000,1.0,2.4082381539697815e-08,3.022013454697173e-08,5.9366958596471494e-08,7.872787388731331e-08,2.0185050026926113e-08,0.0,0.0,0.0,0.0
1.0,0.1,8.111308307896873e-08,20000,8000,1.0,6.817260231965713e-08,8.551602638657191e-08,1.6875560617433956e-07,2.1975918233708515e-07,5.7875269321296395e-08,0.0,0.0,0.0,0.0
1.0,0.1,2.310129700083158e-07,20000,8000,1.0,1.9439126132208378e-07,2.4338273254793546e-07,4.768627536394448e-07,6.22032295680364e-07,1.6339789276392909e-07,0.0,0.0,0.0,0.0
1.0,0.1,6.579332246575682e-07,20000,8000,1.0,5.523226785016952e-07,6.919065140585883e-07,1.3543892911599693e-06,1.7841675834993825e-06,4.684825331698389e-07,0.14975,0.0,0.0,0.0
1.0,0.1,1.873817422860383e-06,20000,8000,1.0,1.5596891689935169e-06,1.9505048675033885e-06,3.8162402475348835e-06,4.947930406328401e-06,1.3243844190989257e-06,0.6096,0.0,0.0,0.0
1.0,0.1,5.336699231206302e-06,20000,8000,1.0,4.535451128656283e-06,5.673088531431338e-06,1.1038829249611378e-05,1.4576382846864241e-05,3.866987885570107e-06,0.85995,0.0771,0.0,0.0
1.0,0.1,1.5199110829529332e-05,20000,8000,1.0,1.2739221370239356e-05,1.5997604734038564e-05,3.146030179359112e-05,4.103101849819091e-05,1.0744496250048396e-05,0.94915,0.52955,0.0,0.0
1.0,0.1,4.328761281083062e-05,20000,8000,1.0,3.6214160619095284e-05,4.5442367747175285e-05,8.927082799168835e-05,0.00011638417969836383,3.0125882820001534e-05,0.98225,0.82515,0.0274,0.0
1.0,0.1,0.0001232846739442066,20000,8000,1.0,0.0001035967246457959,0.0001295795450038457,0.0002539846849436197,0.0003304848900981502,8.805886308046653e-05,0.99455,0.9388,0.4434,0.0
1.0,0.1,0.0003511191734215127,20000,8000,1.0,0.00029325376435395024,0.0003668626793526491,0.0007196988723335243,0.000939614615379194,0.0002491031219749592,0.9982,0.97885,0.78695,0.00575
1.0,0.1,0.001,20000,8000,1.0,0.0008370363245386105,0.0010497074818091076,0.002053351362619539,0.002740349160137114,0.0007016679506282786,0.9994,0.99305,0.92735,0.3402
10.0,1e-06,1e-08,20000,8000,1.0,8.014115091490575e-09,1.0037459836655612e-08,1.978638539398978e-08,2.5589971121536245e-08,6.735139743382087e-09,0.0,0.0,0.0,0.0
10.0,1e-06,2.848035868435799e-08,20000,8000,1.0,2.266178900246282e-08,2.835389518462093e-08,5.552245388272462e-08,7.179275803655338e-08,1.920548177186368e-08,0.0,0.0,0.0,0.0
10.0,1e-06,8.111308307896873e-08,20000,8000,1.0,6.483123625333707e-08,8.120531056821493e-08,1.5976344602358426e-07,2.0931121568539084e-07,5.4994494714247776e-08,0.0,0.0,0.0,0.0
10.0,1e-06,2.310129700083158e-07,20000,8000,1.0,1.8438214122639e-07,2.3128533651857808e-07,4.5660844937643414e-07,5.949303858414113e-07,1.549588981652021e-07,0.0,0.0,0.0,0.0
10.0,1e-06,6.579332246575682e-07,20000,8000,1.0,5.321001649505405e-07,6.665616354334493e-07,1.3156518746167908e-06,1.7219276988234398e-06,4.488884795939434e-07,0.132,0.0,0.0,0.0
10.0,1e-06,1.873817422860383e-06,20000,8000,1.0,1.5054801769020402e-06,1.8882074453216603e-06,3.689817624329055e-06,4.909485454669653e-06,1.267956132506705e-06,0.59345,0.0,0.0,0.0
10.0,1e-06,5.336699231206302e-06,20000,8000,1.0,4.263175611785089e-06,5.337754833923814e-06,1.0472573324267251e-05,1.3827460524366639e-05,3.6400821992707376e-06,0.85065,0.05975,0.0,0.0
10.0,1e-06,1.5199110829529332e-05,20000,8000,1.0,1.2125361147174698e-05,1.5194959114375717e-05,2.979938532697091e-05,3.86512825264095e-05,1.0255566338486215e-05,0.9467,0.5098,0.0,0.0
10.0,1e-06,4.328761281083062e-05,20000,8000,1.0,3.47104162050874e-05,4.3585331221777365e-05,8.587416377042208e-05,0.0001114557844816987,2.929103496753998e-05,0.9828,0.81645,0.0222,0.0
10.0,1e-06,0.0001232846739442066,20000,8000,1.0,9.9084380101887e-05,0.00012427118008287617,0.00024535118036171215,0.00031990462701983236,8.360454461045982e-05,0.9942,0.9376,0.41985,0.0
10.0,1e-06,0.0003511191734215127,20000,8000,1.0,0.00028179084709312906,0.00035301845146609354,0.0006944433324168339,0.000908776534600573,0.00023745369813667842,0.9974,0.97655,0.7801,0.00435
10.0,1e-06,0.001,20000,8000,1.0,0.0007995626490613761,0.0010016292533138011,0.0019602548457013104,0.002569440155443531,0.0006778598579994929,0.999,0.99095,0.91915,0.32125
10.0,2.848035868435799e-06,1e-08,20000,8000,1.0,8.050768213393389e-09,1.0064060832339224e-08,1.9666381800095415e-08,2.5658120652924765e-08,6.800607603539399e-09,0.0,0.0,0.0,0.0
10.0,2.848035868435799e-06,2.848035868435799e-08,20000,8000,1.0,2.260567054579132e-08,2.832145074467009e-08,5.516674474380459e-08,7.309363510110175e-08,1.919187122703788e-08,0.0,0.0,0.0,0.0
10.0,2.848035868435799e-06,8.111308307896873e-08,20000,8000,1.0,6.467612347246271e-08,8.108806823627044e-08,1.5796641093827955e-07,2.0637607911611047e-07,5.487030972627125e-08,0.0,0.0,0.0,0.0
10.0,2.848035868435799e-06,2.310129700083158e-07,20000,8000,1.0,1.8478250397917564e-07,2.321679804300847e-07,4.568648620071791e-07,5.955878591534372e-07,1.5550247264200286e-07,5e-05,0.0,0.0,0.0
10.0,2.848035868435799e-06,6.579332246575682e-07,20000,8000,1.0,5.234853054222078e-07,6.566512567239468e-07,1.2904332937905773e-06,1.6856830754546362e-06,4.421802193356456e-07,0.1297,0.0,0.0,0.0
10.0,2.848035868435799e-06,1.873817422860383e-06,20000,8000,1.0,1.4882296529750164e-06,1.8646080020615796e-06,3.6418777744346417e-06,4.790985044773963e-06,1.25114435521901e-06,0.59115,0.0,0.0,0.0
10.0,2.848035868435799e-06,5.336699231206302e-06,20000,8000,1.0,4.254091897632929e-06,5.326785331799033e-06,1.0430595486291984e-05,1.3644729454843888e-05,3.6071752112476427e-06,0.8534,0.06045,0.0,0.0
10.0,2.848035868435799e-06,1.5199110829529332e-05,20000,8000,1.0,1.2066025432715032e-05,1.5177936892577048e-05,2.9835768378561652e-05,3.940927160173153e-05,1.0219184332099228e-05,0.9442,0.5089,0.0,0.0
10.0,2.848035868435799e-06,4.328761281083062e-05,20000,8000,1.0,3.453010174153669e-05,4.3306796001552075e-05,8.499386463259964e-05,0.00011098217463660679,2.9073617470559042e-05,0.9811,0.81745,0.02145,0.0
10.0,2.848035868435799e-06,0.0001232846739442066,20000,8000,1.0,9.927697591514822e-05,0.00012434681092788791,0.00024308946442678115,0.00032123210671753364,8.405076497218526e-05,0.99205,0.9342,0.4229,0.0
10.0,2.848035868435799e-06,0.0003511191734215127,20000,8000,1.0,0.00027996312984414335,0.00035087035224827805,0.0006921320462297009,0.0009051778129807127,0.00023735938138053683,0.99755,0.9764,0.77425,0.00405
10.0,2.848035868435799e-06,0.001,20000,8000,1.0,0.0008039406655230525,0.0010067498886187339,0.001973117235108454,0.0026170036107440358,0.0006799550536445669,0.9992,0.99305,0.9208,0.3229
10.0,8.111308307896873e-06,1e-08,20000,8000,1.0,7.951681957815854e-09,9.944103695208314e-09,1.934736881458121e-08,2.5429215047208506e-08,6.788661993088388e-09,0.0,0.0,0.0,0.0
10.0,8.111308307896873e-06,2.848035868435799e-08,20000,8000,1.0,2.2641988003471007e-08,2.8333014975335547e-08,5.517011366230402e-08,7.253176628894338e-08,1.9202872365917216e-08,0.0,0.0,0.0,0.0
10.0,8.111308307896873e-06,8.111308307896873e-08,20000,8000,1.0,6.47113002960987e-08,8.087158785570211e-08,1.5770246393011929e-07,2.0524267238105885e-07,5.466685010304028e-08,0.0,0.0,0.0,0.0
10.0,8.111308307896873e-06,2.310129700083158e-07,20000,8000,1.0,1.838066227344466e-07,2.310834062142488e-07,4.5613227992408913e-07,6.026538489603769e-07,1.5469173609729504e-07,0.0,0.0,0.0,0.0
10.0,8.111308307896873e-06,6.579332246575682e-07,20000,8000,1.0,5.233465706090816e-07,6.568819970812167e-07,1.2814286099870372e-06,1.680594081952529e-06,4.390412100345664e-07,0.13165,0.0,0.0,0.0
10.0,8.111308307896873e-06,1.873817422860383e-06,20000,8000,1.0,1.4889445956745812e-06,1.8633840190799643e-06,3.6710032569122655e-06,4.727751917063511e-06,1.2534142574857117e-06,0.59165,0.0,0.0,0.0
10.0,8.111308307896873e-06,5.336699231206302e-06,20000,8000,1.0,4.2426614872977226e-06,5.330161891868043e-06,1.0489263414263042e-05,1.3648544708347359e-05,3.567078732836919e-06,0.84775,0.0614,0.0,0.0
10.0,8.111308307896873e-06,1.5199110829529332e-05,20000,8000,1.0,1.2124512939386547e-05,1.5221280722331532e-05,2.9918178165477025e-05,3.917575092432052e-05,1.0219527796838496e-05,0.94875,0.50845,0.0,0.0
10.0,8.111308307896873e-06,4.328761281083062e-05,20000,8000,1.0,3.450577118959103e-05,4.318948429025866e-05,8.411296190626919e-05,0.00011046660164140393,2.9105975011670905e-05,0.97945,0.81965,0.02025,0.0
10.0,8.111308307896873e-06,0.0001232846739442066,20000,8000,1.0,9.848587818135029e-05,0.00012341879779875317,0.00024175831839877245,0.0003191754158354854,8.317904974106123e-05,0.9936,0.937,0.41745,0.0
10.0,8.111308307896873e-06,0.0003511191734215127,20000,8000,1.0,0.0002800207179947753,0.00035084450274175985,0.000687549322650958,0.0008920731701183673,0.00023732910640842693,0.99735,0.977,0.77545,0.00405
10.0,8.111308307896873e-06,0.001,20000,8000,1.0,0.0007997427761514647,0.0010030341193938187,0.0019673852141645367,0.0025999591418452914,0.0006772577038260477,0.9993,0.9927,0.9206,0.3157
10.0,2.310129700083158e-05,1e-08,20000,8000,1.0,7.933958856534806e-09,9.966119078285107e-09,1.9524584466623387e-08,2.574317318784322e-08,6.669294575714992e-09,0.0,0.0,0.0,0.0
10.0,2.310129700083158e-05,2.848035868435799e-08,20000,8000,1.0,2.257208124204444e-08,2.8290227656610862e-08,5.550626901023876e-08,7.381586994903925e-08,1.8967081668264794e-08,0.0,0.0,0.0,0.0
10.0,2.310129700083158e-05,8.111308307896873e-08,20000,8000,1.0,6.473997321535311e-08,8.104964726955846e-08,1.583340654738185e-07,2.0659609190817397e-07,5.476167240490675e-08,0.0,0.0,0.0,0.0
10.0,2.310129700083158e-05,2.310129700083158e-07,20000,8000,1.0,1.8454214793176114e-07,2.3159384653939992e-07,4.562984386313238e-07,5.915233586730171e-07,1.5480019439557267e-07,0.0,0.0,0.0,0.0
10.0,2.310129700083158e-05,6.579332246575682e-07,20000,8000,1.0,5.204128722855844e-07,6.52463352909041e-07,1.2807486788322735e-06,1.7060023824124153e-06,4.443196971890192e-07,0.1237,0.0,0.0,0.0
10.0,2.310129700083158e-05,1.873817422860383e-06,20000,8000,1.0,1.500006272837946e-06,1.8778471737529686e-06,3.6755985464732018e-06,4.825079165598097e-06,1.26655327493322e-06,0.59565,0.0,0.0,0.0
10.0,2.310129700083158e-05,5.336699231206302e-06,20000,8000,1.0,4.27862126848333e-06,5.354718153559758e-06,1.0462211729779377e-05,1.3817266440069633e-05,3.6269881334889695e-06,0.851,0.0614,0.0,0.0
10.0,2.310129700083158e-05,1.5199110829529332e-05,20000,8000,1.0,1.219478897795484e-05,1.5237474882850974e-05,2.969253189267853e-05,3.8771326256993934e-05,1.0310292167094749e-05,0.9484,0.5126,0.0,0.0
10.0,2.310129700083158e-05,4.328761281083062e-05,20000,8000,1.0,3.4625532802286856e-05,4.341406952895227e-05,8.479208521491573e-05,0.00011306386862923074,2.9462613050024635e-05,0.98215,0.81625,0.0211,0.0
10.0,2.310129700083158e-05,0.0001232846739442066,20000,8000,1.0,9.770276983560437e-05,0.00012292580029245743,0.00024092304937258074,0.0003150431297970199,8.181876252848858e-05,0.9932,0.9359,0.41285,0.0
10.0,2.310129700083158e-05,0.0003511191734215127,20000,8000,1.0,0.0002797912700054314,0.0003504626988489503,0.0006873519132798404,0.0008892784981874389,0.00023620522806085202,0.9975,0.9778,0.77445,0.00345
10.0,2.310129700083158e-05,0.001,20000,8000,1.0,0.0007969673272949307,0.0009986775109838849,0.0019690014063358506,0.002559143467794991,0.0006741718507429586,0.99935,0.99245,0.92145,0.31605
10.0,6.579332246575683e-05,1e-08,20000,8000,1.0,7.939724180054022e-09,9.96140615209897e-09,1.9639683518631693e-08,2.5424734681247836e-08,6.693423006922832e-09,0.0,0.0,0.0,0.0
10.0,6.579332246575683e-05,2.848035868435799e-08,20000,8000,1.0,2.272311970409348e-08,2.850080921657508e-08,5.555306753394472e-08,7.319954104235129e-08,1.9358032059313096e-08,0.0,0.0,0.0,0.0
10.0,6.579332246575683e-05,8.111308307896873e-08,20000,8000,1.0,6.499954909160818e-08,8.145261756052871e-08,1.6068039026452857e-07,2.0791588950955092e-07,5.487661069167778e-08,0.0,0.0,0.0,0.0
10.0,6.579332246575683e-05,2.310129700083158e-07,20000,8000,1.0,1.843930053403602e-07,2.3140089069379939e-07,4.519873643624458e-07,5.989104585891772e-07,1.5565164219361815e-07,5e-05,0.0,0.0,0.0
10.0,6.579332246575683e-05,6.579332246575682e-07,20000,8000,1.0,5.250785144696539e-07,6.576065408958691e-07,1.2894246286004497e-06,1.68240617758428e-06,4.4540550741932427e-07,0.1289,0.0,0.0,0.0
10.0,6.579332246575683e-05,1.873817422860383e-06,20000,8000,1.0,1.512723982364703e-06,1.8980843749222083e-06,3.7296170166364937e-06,4.892778247480875e-06,1.2800819321597673e-06,0.5954,0.0,0.0,0.0
10.0,6.579332246575683e-05,5.336699231206302e-06,20000,8000,1.0,4.280013192825589e-06,5.345957590588808e-06,1.0507269776202552e-05,1.3627811199381839e-05,3.642980127818776e-06,0.8578,0.0625,0.0,0.0
10.0,6.579332246575683e-05,1.5199110829529332e-05,20000,8000,1.0,1.2066989227734659e-05,1.5098684640069892e-05,2.9673091830221482e-05,3.889081661473089e-05,1.0131060581689725e-05,0.94915,0.50505,0.0,0.0
10.0,6.579332246575683e-05,4.328761281083062e-05,20000,8000,1.0,3.4532492329023504e-05,4.322426139705358e-05,8.520068036906324e-05,0.00011084259306656651,2.9424570463094272e-05,0.98225,0.8168,0.0205,0.0
10.0,6.579332246575683e-05,0.0001232846739442066,20000,8000,1.0,9.885005010803547e-05,0.00012393365286396643,0.0002444309403458935,0.00031912424125472237,8.331117150245154e-05,0.9926,0.93755,0.41675,0.0
10.0,6.579332246575683e-05,0.0003511191734215127,20000,8000,1.0,0.0002782431235997436,0.0003487348107919971,0.0006854627149362036,0.0009021203934986835,0.0002354020159270096,0.99805,0.9783,0.77425,0.004
10.0,6.579332246575683e-05,0.001,20000,8000,1.0,0.0008045873720211813,0.0010050477507443365,0.0019418737623562103,0.0026041463121533382,0.0006858423253835713,0.9991,0.99215,0.92345,0.3206
10.0,0.0001873817422860383,1e-08,20000,8000,1.0,7.945283665057234e-09,9.941615473163657e-09,1.9467442694025286e-08,2.5321451693931742e-08,6.7495863334529605e-09,0.0,0.0,0.0,0.0
10.0,0.0001873817422860383,2.848035868435799e-08,20000,8000,1.0,2.2563245832370433e-08,2.8281392425665882e-08,5.5111657608840444e-08,7.285333116350304e-08,1.9108444787864732e-08,0.0,0.0,0.0,0.0
10.0,0.0001873817422860383,8.111308307896873e-08,20000,8000,1.0,6.457410243341693e-08,8.093698176003666e-08,1.5786316329729128e-07,2.0790910868861413e-07,5.459681615644417e-08,0.0,0.0,0.0,0.0
10.0,0.0001873817422860383,2.310129700083158e-07,20000,8000,1.0,1.8260206895219965e-07,2.2924731624366461e-07,4.508104880232358e-07,5.988981705182915e-07,1.5420185159281584e-07,0.0,0.0,0.0,0.0
10.0,0.0001873817422860383,6.579332246575682e-07,20000,8000,1.0,5.249104188772658e-07,6.588853343587115e-07,1.2826370169018123e-06,1.6959078920637583e-06,4.4431086095852936e-07,0.1271,0.0,0.0,0.0
10.0,0.0001873817422860383,1.873817422860383e-06,20000,8000,1.0,1.4841561633890776e-06,1.867651798934422e-06,3.6935987756523323e-06,4.859415784943468e-06,1.2381143453032847e-06,0.5845,0.0,0.0,0.0
10.0,0.0001873817422860383,5.336699231206302e-06,20000,8000,1.0,4.246830609991363e-06,5.318198994980068e-06,1.0392435425101858e-05,1.3783636001758742e-05,3.5618363669541546e-06,0.85345,0.0585,0.0,0.0
10.0,0.0001873817422860383,1.5199110829529332e-05,20000,8000,1.0,1.2195354380988358e-05,1.5308540924868543e-05,3.0088728854388265e-05,3.9051009593204e-05,1.031776785662357e-05,0.9458,0.51385,0.0,0.0
10.0,0.0001873817422860383,4.328761281083062e-05,20000,8000,1.0,3.4493800208780454e-05,4.318632339158198e-05,8.472216621737208e-05,0.00011205136845925902,2.9202965464676626e-05,0.98015,0.8224,0.0211,0.0
10.0,0.0001873817422860383,0.0001232846739442066,20000,8000,1.0,9.810343082306656e-05,0.00012277927920985532,0.0002401758854811567,0.00031484425354826213,8.312688623319302e-05,0.9932,0.93675,0.41695,0.0
10.0,0.0001873817422860383,0.0003511191734215127,20000,8000,1.0,0.00027744669775448243,0.0003486137765649644,0.0006864235116357181,0.0009006116287872919,0.00023349775051150252,0.99795,0.9755,0.7714,0.00475
10.0,0.0001873817422860383,0.001,20000,8000,1.0,0.0007982990356261866,0.001000327040509527,0.0019727824556564737,0.002589163871936663,0.0006734853501082577,0.99945,0.99255,0.92075,0.3175
10.0,0.0005336699231206307,1e-08,20000,8000,1.0,8.000247992947046e-09,1.0035300455021924e-08,1.975634617161499e-08,2.5884705704553878e-08,6.761228372145095e-09,0.0,0.0,0.0,0.0
10.0,0.0005336699231206307,2.848035868435799e-08,20000,8000,1.0,2.2525072617127418e-08,2.8191561570716315e-08,5.5247337863246504e-08,7.239952759055738e-08,1.9316555591895626e-08,0.0,0.0,0.0,0.0
10.0,0.0005336699231206307,8.111308307896873e-08,20000,8000,1.0,6.417327170832128e-08,8.048775723117253e-08,1.5676763308654317e-07,2.0872369425686437e-07,5.452913448763645e-08,0.0,0.0,0.0,0.0
10.0,0.0005336699231206307,2.310129700083158e-07,20000,8000,1.0,1.8603933422316598e-07,2.3322457752703473e-07,4.5750753973517647e-07,6.05397804896825e-07,1.5640279741463092e-07,5e-05,0.0,0.0,0.0
10.0,0.0005336699231206307,6.579332246575682e-07,20000,8000,1.0,5.280386096105547e-07,6.602627015428655e-07,1.2874109132780674e-06,1.7075876687907005e-06,4.5246400851827066e-07,0.1312,0.0,0.0,0.0
10.0,0.0005336699231206307,1.873817422860383e-06,20000,8000,1.0,1.5010705483089646e-06,1.880784571651367e-06,3.669423015821782e-06,4.828934192637128e-06,1.2728020185955542e-06,0.5958,0.0,0.0,0.0
10.0,0.0005336699231206307,5.336699231206302e-06,20000,8000,1.0,4.24552170887941e-06,5.313765746595282e-06,1.0436187909972204e-05,1.3697042934939669e-05,3.597935273082548e-06,0.85155,0.061,0.0,0.0
10.0,0.0005336699231206307,1.5199110829529332e-05,20000,8000,1.0,1.211429399951007e-05,1.5198236826409052e-05,2.9914842838306477e-05,3.8912805523969816e-05,1.0196733508221663e-05,0.94655,0.50805,0.0,0.0
10.0,0.0005336699231206307,4.328761281083062e-05,20000,8000,1.0,3.4394925061526474e-05,4.3068630869069124e-05,8.427298732377128e-05,0.00010972042155972554,2.9190115455167565e-05,0.9822,0.81525,0.0195,0.0
10.0,0.0005336699231206307,0.0001232846739442066,20000,8000,1.0,9.821458930318186e-05,0.0001230752217677933,0.00024239425979576197,0.00031761825548034194,8.248193702872284e-05,0.9938,0.93405,0.4154,0.0
10.0,0.0005336699231206307,0.0003511191734215127,20000,8000,1.0,0.00028066675197274557,0.00035127074811834835,0.0006845804320954757,0.0009032355764471309,0.00023709172034768245,0.9976,0.97645,0.7762,0.0041
10.0,0.0005336699231206307,0.001,20000,8000,1.0,0.0007952029486912682,0.0009962892149342705,0.0019540231975624885,0.0025497218660874,0.0006759876577382448,0.99915,0.99135,0.9197,0.31245
10.0,0.0015199110829529332,1e-08,20000,8000,1.0,8.046837381919574e-09,1.0052753024468768e-08,1.9738213552336824e-08,2.5537590104653616e-08,6.85810599384127e-09,0.0,0.0,0.0,0.0
10.0,0.0015199110829529332,2.848035868435799e-08,20000,8000,1.0,2.2842094963958683e-08,2.8690489028023736e-08,5.649153439422206e-08,7.419096394390235e-08,1.9344298390318076e-08,0.0,0.0,0.0,0.0
10.0,0.0015199110829529332,8.111308307896873e-08,20000,8000,1.0,6.481296145311733e-08,8.102998057416505e-08,1.5938447378942188e-07,2.0811189547876628e-07,5.5174338396626576e-08,0.0,0.0,0.0,0.0
10.0,0.0015199110829529332,2.310129700083158e-07,20000,8000,1.0,1.8369237026442354e-07,2.3033011151615004e-07,4.5170084795638194e-07,5.961062337541402e-07,1.5587292839495565e-07,0.0,0.0,0.0,0.0
10.0,0.0015199110829529332,6.579332246575682e-07,20000,8000,1.0,5.17538742787653e-07,6.488585317583242e-07,1.2778308600245216e-06,1.6776347699243339e-06,4.3502904159414026e-07,0.12225,0.0,0.0,0.0
10.0,0.0015199110829529332,1.873817422860383e-06,20000,8000,1.0,1.4932915850735219e-06,1.8682799978496627e-06,3.6462386050488074e-06,4.860672976493231e-06,1.2656700885106731e-06,0.5978,0.0,0.0,0.0
10.0,0.0015199110829529332,5.336699231206302e-06,20000,8000,1.0,4.242684995234844e-06,5.326183705908447e-06,1.0453361614312606e-05,1.3810060548683078e-05,3.5781746773303312e-06,0.8495,0.0607,0.0,0.0
10.0,0.0015199110829529332,1.5199110829529332e-05,20000,8000,1.0,1.2214720554086955e-05,1.52857927835978e-05,3.0158063993609614e-05,3.909033757380149e-05,1.0334950041886855e-05,0.9451,0.5146,0.0,0.0
10.0,0.0015199110829529332,4.328761281083062e-05,20000,8000,1.0,3.450490961714711e-05,4.323521635986582e-05,8.466212661050439e-05,0.00011312791003527399,2.9250516288081907e-05,0.98175,0.81705,0.0209,0.0
10.0,0.0015199110829529332,0.0001232846739442066,20000,8000,1.0,9.782978647159011e-05,0.00012286538088814112,0.00024100066836788483,0.0003184905689517913,8.189152641854765e-05,0.99355,0.93565,0.41285,0.0
10.0,0.0015199110829529332,0.0003511191734215127,20000,8000,1.0,0.00028109827721957837,0.0003516679833487191,0.0006888657969350535,0.0009030636226470952,0.0002391213228989699,0.9975,0.9777,0.77745,0.0047
10.0,0.0015199110829529332,0.001,20000,8000,1.0,0.0007937249861626248,0.0009933572017551261,0.001946659637472668,0.002566783550125487,0.0006735849701057506,0.9992,0.99135,0.92095,0.31675
10.0,0.004328761281083057,1e-08,20000,8000,1.0,8.031399824214284e-09,1.0068367947418677e-08,1.9729242489915785e-08,2.5857174123920696e-08,6.758426830512703e-09,0.0,0.0,0.0,0.0
10.0,0.004328761281083057,2.848035868435799e-08,20000,8000,1.0,2.2638956694995914e-08,2.8347975437020116e-08,5.539579389576226e-08,7.311853076576597e-08,1.906334112604141e-08,0.0,0.0,0.0,0.0
10.0,0.004328761281083057,8.111308307896873e-08,20000,8000,1.0,6.49422441580728e-08,8.137092567097935e-08,1.5995055654543345e-07,2.071767437368129e-07,5.4653466929021504e-08,0.0,0.0,0.0,0.0
10.0,0.004328761281083057,2.310129700083158e-07,20000,8000,1.0,1.840816726001391e-07,2.310972679824924e-07,4.5402141534291757e-07,6.022629906843565e-07,1.548604386639931e-07,0.0,0.0,0.0,0.0
10.0,0.004328761281083057,6.579332246575682e-07,20000,8000,1.0,5.255932958950267e-07,6.598388349144356e-07,1.2977860813160753e-06,1.6982019419400868e-06,4.4190659806345395e-07,0.12975,0.0,0.0,0.0
10.0,0.004328761281083057,1.873817422860383e-06,20000,8000,1.0,1.503331843162127e-06,1.8830634815737134e-06,3.6791752811750037e-06,4.867832551285687e-06,1.2715801472733832e-06,0.59355,0.0,0.0,0.0
10.0,0.004328761281083057,5.336699231206302e-06,20000,8000,1.0,4.225092428566368e-06,5.303938792890872e-06,1.047104240344702e-05,1.3698010009014068e-05,3.5447699857806842e-06,0.8483,0.06145,0.0,0.0
10.0,0.004328761281083057,1.5199110829529332e-05,20000,8000,1.0,1.2245654596709318e-05,1.5304181502553707e-05,2.992138603095251e-05,3.923432264449382e-05,1.0381243563333e-05,0.94785,0.5146,0.0,0.0
10.0,0.004328761281083057,4.328761281083062e-05,20000,8000,1.0,3.470028221566581e-05,4.338888631255869e-05,8.461603645926302e-05,0.00011059335767215001,2.9491180423017563e-05,0.983,0.8219,0.0209,0.0
10.0,0.004328761281083057,0.0001232846739442066,20000,8000,1.0,9.808579696273275e-05,0.0001233250073470351,0.00024391560586444608,0.0003180328338513467,8.208031817494474e-05,0.9942,0.933,0.41015,0.0
10.0,0.004328761281083057,0.0003511191734215127,20000,8000,1.0,0.0002832455256372458,0.0003547711578910336,0.0006931713216357999,0.0009213946239595889,0.0002400914787769834,0.99735,0.9766,0.7807,0.00565
10.0,0.004328761281083057,0.001,20000,8000,1.0,0.0007960055710113581,0.0009982869827957308,0.001952381046546175,0.002559320801916594,0.0006707715163796653,0.9989,0.9919,0.9205,0.319
10.0,0.012328467394420659,1e-08,20000,8000,1.0,7.975405287258739e-09,1.0004808830306273e-08,1.9599922596888827e-08,2.5780675032751687e-08,6.755324056945114e-09,0.0,0.0,0.0,0.0
10.0,0.012328467394420659,2.848035868435799e-08,20000,8000,1.0,2.2885183592279475e-08,2.8688333130968898e-08,5.612827612545424e-08,7.339883734404099e-08,1.9326778306502763e-08,0.0,0.0,0.0,0.0
10.0,0.012328467394420659,8.111308307896873e-08,20000,8000,1.0,6.507024490344384e-08,8.165491541914591e-08,1.6056173590964848e-07,2.131750537270424e-07,5.498666330745958e-08,0.0,0.0,0.0,0.0
10.0,0.012328467394420659,2.310129700083158e-07,20000,8000,1.0,1.8659546207496993e-07,2.3278166940555997e-07,4.5674489372903344e-07,5.921621126086398e-07,1.5878779475858773e-07,0.0,0.0,0.0,0.0
10.0,0.012328467394420659,6.579332246575682e-07,20000,8000,1.0,5.319267635355374e-07,6.659038552504694e-07,1.3038881494249476e-06,1.7219351441713598e-06,4.5021090425435224e-07,0.131,0.0,0.0,0.0
10.0,0.012328467394420659,1.873817422860383e-06,20000,8000,1.0,1.5084302277940816e-06,1.885210853791047e-06,3.692433795877042e-06,4.795917593203195e-06,1.2868195964464533e-06,0.60115,0.0,0.0,0.0
10.0,0.012328467394420659,5.336699231206302e-06,20000,8000,1.0,4.279670933799064e-06,5.363098888295921e-06,1.049358888432674e-05,1.3769397139747339e-05,3.603846099274301e-06,0.8529,0.0628,0.0,0.0
10.0,0.012328467394420659,1.5199110829529332e-05,20000,8000,1.0,1.22129475891796e-05,1.5354766878184567e-05,3.012896081487139e-05,3.948357547036155e-05,1.0339822791269454e-05,0.9447,0.51335,0.0,0.0
10.0,0.012328467394420659,4.328761281083062e-05,20000,8000,1.0,3.477746936295262e-05,4.364628429461435e-05,8.607513083858083e-05,0.00011197197715452962,2.9331573928803653e-05,0.98215,0.8175,0.0226,0.0
10.0,0.012328467394420659,0.0001232846739442066,20000,8000,1.0,9.934469316284504e-05,0.00012486351323226416,0.0002464394946086948,0.00032253904990815025,8.327538237948842e-05,0.99325,0.93485,0.4185,0.0
10.0,0.012328467394420659,0.0003511191734215127,20000,8000,1.0,0.000283097527757349,0.0003551210030356725,0.0007011766758170993,0.0009040826724815458,0.00023807005616656535,0.9979,0.9768,0.778,0.00455
10.0,0.012328467394420659,0.001,20000,8000,1.0,0.0008032414452064981,0.001005096009096427,0.001972142692530675,0.0025709489983390794,0.0006810832251603418,0.99925,0.9924,0.92165,0.32425
10.0,0.03511191734215127,1e-08,20000,8000,1.0,8.086430677933833e-09,1.0115757476033532e-08,1.980859097103357e-08,2.592992168998545e-08,6.836743065183595e-09,0.0,0.0,0.0,0.0
10.0,0.03511191734215127,2.848035868435799e-08,20000,8000,1.0,2.3243637997371203e-08,2.9073684719667172e-08,5.740735457439699e-08,7.555963781822386e-08,1.974371113947015e-08,0.0,0.0,0.0,0.0
10.0,0.03511191734215127,8.111308307896873e-08,20000,8000,1.0,6.546816976870079e-08,8.202355614699751e-08,1.615135212197306e-07,2.0911375875006946e-07,5.515970842966154e-08,0.0,0.0,0.0,0.0
10.0,0.03511191734215127,2.310129700083158e-07,20000,8000,1.0,1.8556558405926256e-07,2.3236525982022408e-07,4.5508117201178004e-07,6.007432390617652e-07,1.5661009888984716e-07,0.0,0.0,0.0,0.0
10.0,0.03511191734215127,6.579332246575682e-07,20000,8000,1.0,5.372074884203078e-07,6.734244985918072e-07,1.3221881047253523e-06,1.7297424692241545e-06,4.5174303440193237e-07,0.13765,0.0,0.0,0.0
10.0,0.03511191734215127,1.873817422860383e-06,20000,8000,1.0,1.5311729207475738e-06,1.9118696947176904e-06,3.7214699473278164e-06,4.926927793140261e-06,1.3051232800798116e-06,0.60435,0.0,0.0,0.0
10.0,0.03511191734215127,5.336699231206302e-06,20000,8000,1.0,4.35853029508668e-06,5.455220987455766e-06,1.061468500905209e-05,1.4022297027394797e-05,3.6793198853293125e-06,0.85465,0.067,0.0,0.0
10.0,0.03511191734215127,1.5199110829529332e-05,20000,8000,1.0,1.2292743718691572e-05,1.5422329127131408e-05,3.0457731878712708e-05,3.963305531492878e-05,1.039764576907174e-05,0.9482,0.5163,0.0,0.0
10.0,0.03511191734215127,4.328761281083062e-05,20000,8000,1.0,3.504694325980135e-05,4.380178491065241e-05,8.626889560262545e-05,0.0001124262353271397,2.9832922377689346e-05,0.98095,0.82335,0.02195,0.0
10.0,0.03511191734215127,0.0001232846739442066,20000,8000,1.0,9.971861705134768e-05,0.00012515940524560496,0.0002443500588071315,0.0003273441569175113,8.468600151212432e-05,0.993,0.93565,0.424,0.0
10.0,0.03511191734215127,0.0003511191734215127,20000,8000,1.0,0.0002853857886992071,0.0003574719404051233,0.0007007479288682059,0.0009266085061069291,0.00024096995507011924,0.9981,0.9785,0.78135,0.0056
10.0,0.03511191734215127,0.001,20000,8000,1.0,0.0008134985077488228,0.0010179328398539887,0.001984514222821258,0.0026056054529660306,0.0006920646069337297,0.999,0.99125,0.9202,0.32965
10.0,0.1,1e-08,20000,8000,1.0,8.336858638019034e-09,1.0468455308078702e-08,2.074299942644451e-08,2.6908487905338266e-08,6.9979390264814805e-09,0.0,0.0,0.0,0.0
10.0,0.1,2.848035868435799e-08,20000,8000,1.0,2.390632828597327e-08,2.9943671577441773e-08,5.855305105656679e-08,7.718895078367572e-08,2.026480166888475e-08,0.0,0.0,0.0,0.0
10.0,0.1,8.111308307896873e-08,20000,8000,1.0,6.786961845705422e-08,8.509792097192372e-08,1.6602361455761823e-07,2.1919078996192595e-07,5.7461680596250505e-08,0.0,0.0,0.0,0.0
10.0,0.1,2.310129700083158e-07,20000,8000,1.0,1.9388921892898581e-07,2.429766905977533e-07,4.799709819281496e-07,6.21127293478463e-07,1.6434254132614692e-07,5e-05,0.0,0.0,0.0
10.0,0.1,6.579332246575682e-07,20000,8000,1.0,5.523392502419862e-07,6.930316912527704e-07,1.3502758583030308e-06,1.7761174231835398e-06,4.668020711869907e-07,0.1495,0.0,0.0,0.0
10.0,0.1,1.873817422860383e-06,20000,8000,1.0,1.5633429347268604e-06,1.9582107878392115e-06,3.835888867978286e-06,5.007827211800069e-06,1.3226353925313271e-06,0.60895,0.0,0.0,0.0
10.0,0.1,5.336699231206302e-06,20000,8000,1.0,4.468850574785475e-06,5.592732445829895e-06,1.0917267877106125e-05,1.4463421258824458e-05,3.823040227229043e-06,0.8579,0.0735,0.0,0.0
10.0,0.1,1.5199110829529332e-05,20000,8000,1.0,1.2646538896954573e-05,1.5875808847681026e-05,3.163692734313332e-05,4.1027079173576765e-05,1.0690075215576276e-05,0.95005,0.5275,0.0,0.0
10.0,0.1,4.328761281083062e-05,20000,8000,1.0,3.632777393450139e-05,4.5633198203974095e-05,8.933943102271567e-05,0.00011826740585237784,3.0490017339955692e-05,0.98125,0.8249,0.0294,0.0
10.0,0.1,0.0001232846739442066,20000,8000,1.0,0.00010365310561856926,0.00012938152090608986,0.0002529289792991006,0.0003343995009613966,8.910587385727438e-05,0.9943,0.93945,0.44765,0.0
10.0,0.1,0.0003511191734215127,20000,8000,1.0,0.00029539296353676584,0.00037004671408906,0.0007279089347107936,0.0009602846659557243,0.00025147126252562637,0.9977,0.978,0.78845,0.00695
10.0,0.1,0.001,20000,8000,1.0,0.0008363448417542438,0.001051404452756776,0.002078978208293232,0.0027321815908428987,0.0007010182676982892,0.9993,0.99295,0.924,0.3383
