A,P,phi,dchi2_bao,permitida,dchi2_TT,dchi2_pp,H0,distinguible_cmb,fail
0.005,0.1,0,0.5478465408735147,True,0.0014031860837988575,0.002986470715335088,67.36459374427795,False,
0.005,0.1,π/2,0.26789107987019634,True,-9.48419022783753e-05,-0.028054447245786207,67.5295889377594,False,
0.005,0.1,π,-0.5268142276586936,True,-0.0013723730485892816,-0.0049521918303589985,67.35578179359436,False,
0.005,0.1,3π/2,-0.2332589011983437,True,0.0003139372194880252,0.5353959130222314,67.19282507896423,False,
0.005,0.2,0,0.08347853235044056,True,0.0027647713769098914,-0.0007300210326892653,67.36909985542297,False,
0.005,0.2,π/2,-0.06101502837188377,True,-0.000458093984889274,-0.020727287423108365,67.52949595451355,False,
0.005,0.2,π,-0.04771698204632813,True,-0.002713795283231235,0.00043630524036331053,67.35128283500671,False,
0.005,0.2,3π/2,0.07884753283380519,True,0.0005470419383719616,0.071011982911525,67.19291806221008,False,
0.005,0.5,0,0.08397951953859106,True,0.006694864476713747,0.0017958732719662862,67.3828399181366,False,
0.005,0.5,π/2,-0.4043481433373337,True,-0.0026337919410082122,-0.005276012863610902,67.5288736820221,False,
0.005,0.5,π,-0.049951021094667425,True,-0.006598975782161176,-0.001764118459316677,67.33754277229309,False,
0.005,0.5,3π/2,0.423112450223357,True,0.0027000922923647863,0.006417538183875138,67.19352602958679,False,
0.005,1.0,0,0.7242092916822784,True,0.0075104402370058665,0.006496020896694432,67.40976929664612,False,
0.005,1.0,π/2,0.5758398212325169,True,-0.012310650908847975,-0.004833205942219365,67.52471804618835,False,
0.005,1.0,π,-0.6651021143118001,True,-0.0073769928510110105,-0.006337888320695484,67.31063485145569,False,
0.005,1.0,3π/2,-0.5257391347638709,True,0.01229443093213689,0.0048644904193508864,67.19758868217468,False,
0.005,2.0,0,0.5631500234942557,True,-0.0039666210738040775,0.0018908259382044434,67.45234847068787,False,
0.005,2.0,π/2,-0.9729224396398131,True,-0.013926941079073885,-0.011459419928691261,67.48172402381897,False,
0.005,2.0,π,-0.5482360159505149,True,0.0039782320004952965,-0.001783633249960559,67.26834177970886,False,
0.005,2.0,3π/2,1.0286754315026947,True,0.013949737789921812,0.011652239539355236,67.23958849906921,False,
0.01,0.1,0,1.1166282111079298,True,0.002838761198031392,0.0038314481314731808,67.36956477165222,False,
0.01,0.1,π/2,0.5716709179371442,True,-8.630899402461978e-05,-0.020754120039649493,67.70165801048279,False,
0.01,0.1,π,-1.03287633400209,True,-0.0027116555183290814,-0.011364712424576595,67.35194087028503,False,
0.01,0.1,3π/2,-0.43360150559186295,True,0.0004684627365172389,0.5493285790870388,67.02800869941711,False,
0.01,0.2,0,0.20291457580448125,True,0.005586493591305697,-0.0016245976190969458,67.37857699394226,False,
0.01,0.2,π/2,-0.10376648661563692,True,-0.0008134290536432331,-0.027256766413403355,67.70147204399109,False,
0.01,0.2,π,-0.059670493013378234,True,-0.005376507351485316,0.0004610267230535925,67.34293580055237,False,
0.01,0.2,3π/2,0.17480673208001463,True,0.001163567928802678,0.2175316229822588,67.02818751335144,False,
0.01,0.5,0,0.20207540683149716,True,0.013485835734375229,0.0036338741919905715,67.4060571193695,False,
0.01,0.5,π/2,-0.7891880984056172,True,-0.00517152896766504,-0.00963642363590722,67.70021319389343,False,
0.01,0.5,π,-0.06576287155793636,True,-0.013104189060040738,-0.003508201494591745,67.31545567512512,False,
0.01,0.5,3π/2,0.8639746648966486,True,0.005455668615564235,0.014264799381006554,67.02938914299011,False,
0.01,1.0,0,1.5081644917990467,True,0.015157093305724345,0.013153752987506095,67.45994448661804,False,
0.01,1.0,π/2,1.203908762431901,True,-0.02461256333663897,-0.009638161650318722,67.69179463386536,False,
0.01,1.0,π,-1.2720926483111619,True,-0.014626924969547872,-0.012521533501365312,67.26167559623718,False,
0.01,1.0,3π/2,-1.0035468860119074,True,0.024564514944664495,0.009764078294882239,67.03742861747742,False,
0.01,2.0,0,1.1413897122608958,True,-0.008003815250813062,0.0038922793251838783,67.54539608955383,False,
0.01,2.0,π/2,-1.8883488502157384,True,-0.027984315496752288,-0.022717666431256944,67.60478377342224,False,
0.01,2.0,π,-1.0819148726224093,True,0.007982846782223163,-0.003462362925395368,67.1773612499237,False,
0.01,2.0,3π/2,2.1114536372963535,True,0.027911438788130738,0.02349072336180491,67.12045550346375,False,
0.025,0.1,0,2.949413048551971,True,0.007351820297039069,-0.0018366619723853006,67.38675951957703,False,
0.025,0.1,π/2,1.7157611654130882,True,-4.747183779230113e-05,-0.003077563969242192,68.23337197303772,False,
0.025,0.1,π,-2.4271630305245644,True,-0.006535222008977826,-0.033313780854982156,67.34268546104431,False,
0.025,0.1,3π/2,-0.8497213149459526,True,0.0005230910930933419,-0.2714097149244665,66.54712796211243,False,
0.025,0.2,0,0.7788922272509389,True,0.014371809249897893,-0.0040760697058246365,67.40929007530212,False,
0.025,0.2,π/2,-0.11385952303920632,True,-0.0017794209610073608,-0.027094822343871172,68.2328999042511,False,
0.025,0.2,π,0.11638198696276802,True,-0.013175609607412042,-0.0027743633774122145,67.32016205787659,False,
0.025,0.2,3π/2,0.5589596821685525,True,0.0029431868838578623,0.6313553425255183,66.54755711555481,False,
0.025,0.5,0,0.7603167704575071,True,0.03448116359769671,0.009502523900867033,67.47804760932922,False,
0.025,0.5,π/2,-1.8145382247790174,True,-0.01264530549132914,-0.018790063014511915,68.22964549064636,False,
0.025,0.5,π,0.09020583647740921,True,-0.03206014869711282,-0.008732489511961816,67.2514545917511,False,
0.025,0.5,3π/2,2.2835083414918493,True,0.013770558881947892,0.04981277654646732,66.55047535896301,False,
0.025,1.0,0,4.2251019912374765,False,0.038849960289631724,0.03413311788019335,67.61298775672913,False,
0.025,1.0,π/2,3.424288166707857,True,-0.061909467013080643,-0.023917043308147257,68.2077944278717,False,
0.025,1.0,π,-2.749402164722113,True,-0.035583326584038844,-0.03018142756108766,67.11713671684265,False,
0.025,1.0,3π/2,-2.1672039062880692,True,0.06094144307536453,0.024712469685969296,66.56990170478821,False,
0.025,2.0,0,2.970129770374374,True,-0.01952606349736996,0.010582187121976006,67.82883048057556,False,
0.025,2.0,π/2,-4.270166678958457,True,-0.06961059852853069,-0.05521027878831397,67.98224568367004,False,
0.025,2.0,π,-2.5993530646877474,True,0.02011095624240511,-0.007893269576323192,66.90843939781189,False,
0.025,2.0,3π/2,5.666205021373923,False,0.06960350723139541,0.06005379260476751,66.77055239677429,False,
